{
    "Detector": "TMMT",
    "Initial Parameters": {
        "Coefficients": [
            2.626639104902764e-15,
            -5.021004813145963e-10,
            4.270037864720276e-05
        ],
        "Constant Parameters": [
            -1.01049192e-05,
            2.62097623
        ]
    },
    "Decay Parameters": [
        1.3734823330807568,
        1.574449750236756e-08,
        2.3634345134216848e-05
    ]
}